7,074,000;December 31st 2004;7 8 24 25 47 8 9 
7,037,000;December 24th 2004;3 4 27 29 37 5 6 
17,973,434;December 17th 2004;15 19 22 46 49 2 9 
12,388,642;December 10th 2004;1 3 13 16 43 2 7 
6,945,000;December 3rd 2004;1 11 15 42 49 3 4 
30,738,943;November 26th 2004;1 4 24 34 36 6 8 
23,523,322;November 19th 2004;1 18 29 34 37 2 6 
17,364,782;November 12th 2004;4 11 12 13 32 3 9 
12,066,841;November 5th 2004;6 19 25 42 49 1 7 
6,967,000;October 29th 2004;1 8 32 35 38 4 9 
17,398,554;October 22nd 2004;1 9 23 25 40 3 9 
11,885,938;October 15th 2004;14 21 22 37 43 5 8 
6,950,000;October 8th 2004;1 10 12 16 48 2 6 
20,656,084;October 1st 2004;12 20 21 45 48 5 6 
17,853,153;September 24th 2004;21 26 27 44 48 1 7 
15,652,287;September 17th 2004;15 18 29 39 41 5 8 
13,705,824;September 10th 2004;5 25 33 36 38 2 5 
11,745,718;September 3rd 2004;8 12 14 15 34 6 7 
9,880,576;August 27th 2004;1 11 22 28 44 1 9 
8,372,421;August 20th 2004;6 9 10 27 35 6 8 
6,470,000;August 13th 2004;20 27 41 43 50 5 8 
16,568,021;August 6th 2004;5 15 24 35 44 5 6 
14,603,161;July 30th 2004;9 10 19 37 50 1 6 
12,787,495;July 23rd 2004;7 10 27 31 34 3 8 
11,275,186;July 16th 2004;24 26 31 38 50 5 8 
9,720,341;July 9th 2004;2 5 12 19 44 8 9 
8,214,347;July 2nd 2004;4 23 24 28 34 1 3 
6,685,000;June 25th 2004;3 21 30 34 35 1 2 
8,140,055;June 18th 2004;2 23 28 40 43 2 6 
6,580,000;June 11th 2004;2 7 8 10 47 1 7 
8,735,476;June 4th 2004;9 13 34 41 42 3 7 
6,712,000;May 28th 2004;6 11 35 41 44 5 6 
6,712,000;May 21st 2004;15 29 37 39 49 4 9 
22,849,563;May 14th 2004;1 3 21 32 39 2 6 
19,983,000;May 7th 2004;15 16 21 36 38 1 5 
16,887,500;April 30th 2004;5 6 16 23 27 6 7 
13,390,000;April 23rd 2004;6 10 21 45 49 3 5 
10,027,500;April 16th 2004;14 15 28 35 40 1 3 
16,752,145;April 9th 2004;1 4 10 19 23 2 8 
15,183,435;April 2nd 2004;4 12 24 27 36 2 9 
13,451,480;March 26th 2004;3 4 10 23 43 2 4 
11,696,661;March 19th 2004;33 36 37 42 45 4 9 
10,171,500;March 12th 2004;15 24 28 44 47 4 5 
13,870,849;March 5th 2004;4 7 33 37 39 1 5 
11,880,304;February 27th 2004;14 18 19 31 37 4 5 
10,111,500;February 20th 2004;7 13 39 47 50 2 5 
10,143,000;February 13th 2004;16 29 32 36 41 7 9 
53,342,474;December 30th 2005;8 16 19 43 45 1 4 
45,483,082;December 23rd 2005;15 31 36 37 42 1 7 
38,305,717;December 16th 2005;2 3 15 18 32 6 7 
30,453,067;December 9th 2005;11 18 35 38 42 1 5 
23,443,437;December 2nd 2005;1 9 20 23 30 4 7 
16,846,594;November 25th 2005;1 6 27 39 47 1 6 
10,312,500;November 18th 2005;17 18 25 34 48 2 3 
30,453,995;November 11th 2005;15 16 36 41 42 3 5 
23,432,048;November 4th 2005;26 36 37 38 42 2 6 
16,727,964;October 28th 2005;14 36 44 47 50 3 5 
10,143,000;October 21st 2005;1 14 19 29 33 1 8 
10,215,000;October 14th 2005;10 11 19 20 23 1 6 
10,335,000;October 7th 2005;2 13 21 26 44 3 9 
17,020,072;September 30th 2005;6 11 47 48 50 1 6 
10,200,000;September 23rd 2005;1 26 31 34 47 4 9 
51,513,123;September 16th 2005;12 13 19 21 38 3 9 
44,899,448;September 9th 2005;8 12 19 31 50 6 7 
39,270,421;September 2nd 2005;3 4 14 43 50 3 6 
31,534,575;August 26th 2005;9 29 35 40 41 1 6 
24,045,393;August 19th 2005;11 24 29 31 41 1 3 
17,327,035;August 12th 2005;15 23 30 37 40 7 9 
10,443,000;August 5th 2005;2 11 21 22 30 4 6 
79,881,799;July 29th 2005;3 19 26 49 50 4 5 
67,927,336;July 22nd 2005;3 14 41 48 49 1 4 
57,176,654;July 15th 2005;1 11 12 23 42 3 6 
48,784,765;July 8th 2005;35 36 42 46 49 2 8 
40,827,016;July 1st 2005;4 5 23 25 28 3 4 
34,370,581;June 24th 2005;6 8 14 15 45 7 8 
28,094,862;June 17th 2005;4 8 10 18 21 1 7 
21,734,699;June 10th 2005;6 7 32 37 47 1 7 
15,902,687;June 3rd 2005;3 8 11 17 50 1 5 
10,402,500;May 27th 2005;2 24 31 48 50 4 9 
29,611,179;May 20th 2005;6 7 13 28 47 5 8 
22,628,469;May 13th 2005;12 17 31 32 40 2 9 
15,917,412;May 6th 2005;7 12 21 26 44 6 8 
10,155,000;April 29th 2005;3 9 35 39 42 1 8 
16,256,571;April 22nd 2005;3 10 13 24 47 5 9 
10,278,000;April 15th 2005;6 28 31 38 42 3 9 
43,951,166;April 8th 2005;7 11 25 31 50 1 3 
36,934,606;April 1st 2005;25 26 41 44 47 3 7 
31,323,139;March 25th 2005;4 29 33 37 38 6 9 
24,623,504;March 18th 2005;6 23 39 43 48 5 7 
18,499,838;March 11th 2005;8 12 23 40 43 1 4 
12,348,100;March 4th 2005;12 24 32 37 39 7 9 
6,907,000;February 25th 2005;3 27 30 43 44 4 8 
6,903,000;February 18th 2005;20 21 26 32 46 8 9 
23,978,705;February 11th 2005;11 13 25 32 50 4 7 
17,823,072;February 4th 2005;1 8 11 30 40 7 8 
12,275,202;January 28th 2005;7 21 26 43 45 5 7 
6,970,000;January 21st 2005;10 12 14 24 26 5 8 
18,296,178;January 14th 2005;6 11 14 19 29 1 3 
12,408,063;January 7th 2005;3 23 27 47 50 2 3 
45,347,820;December 29th 2006;6 9 13 14 35 3 4 
35,802,728;December 22nd 2006;9 11 20 38 43 2 3 
26,717,930;December 15th 2006;9 23 35 37 42 3 7 
18,316,018;December 8th 2006;16 17 18 36 47 1 2 
10,155,000;December 1st 2006;4 8 16 37 41 2 5 
10,123,500;November 24th 2006;5 8 17 25 40 1 5 
103,732,783;November 17th 2006;12 22 32 33 36 2 6 
88,344,099;November 10th 2006;14 21 27 30 36 2 3 
76,340,225;November 3rd 2006;11 13 24 44 49 3 9 
65,142,684;October 27th 2006;3 4 8 44 50 7 8 
56,070,560;October 20th 2006;10 19 34 45 47 3 6 
46,854,371;October 13th 2006;2 25 32 38 41 3 5 
40,239,985;October 6th 2006;5 11 22 35 38 7 8 
31,929,763;September 29th 2006;1 3 6 18 24 5 8 
24,337,182;September 22nd 2006;10 29 30 45 49 3 8 
17,240,142;September 15th 2006;6 10 16 26 49 7 9 
10,155,000;September 8th 2006;1 10 12 32 33 1 8 
39,013,160;September 1st 2006;3 7 25 45 50 6 9 
31,392,520;August 25th 2006;10 28 40 47 48 6 8 
23,807,666;August 18th 2006;12 37 39 40 50 1 2 
16,954,778;August 11th 2006;27 28 31 46 47 2 5 
10,326,000;August 4th 2006;1 14 15 26 32 3 7 
17,191,693;July 28th 2006;3 8 12 29 43 6 7 
10,374,000;July 21st 2006;2 4 9 38 50 6 8 
47,618,994;July 14th 2006;1 7 17 31 36 2 8 
40,812,950;July 7th 2006;7 9 18 35 43 5 7 
32,403,049;June 30th 2006;6 15 16 40 43 1 2 
24,499,898;June 23rd 2006;9 21 30 43 44 1 9 
17,366,509;June 16th 2006;1 16 26 30 36 3 9 
10,335,000;June 9th 2006;3 12 15 34 39 4 6 
10,326,000;June 2nd 2006;7 8 27 41 48 1 6 
10,137,000;May 26th 2006;2 12 21 41 49 3 7 
17,589,298;May 19th 2006;3 5 25 34 49 5 8 
10,320,000;May 12th 2006;5 20 23 34 50 1 5 
17,970,266;May 5th 2006;4 8 14 16 50 3 9 
10,440,000;April 28th 2006;5 10 17 22 33 5 7 
17,804,198;April 21st 2006;1 20 22 37 46 1 9 
10,485,000;April 14th 2006;16 26 34 35 49 2 6 
53,102,939;April 7th 2006;12 13 29 44 50 4 5 
45,191,782;March 31st 2006;3 20 31 45 50 6 7 
36,196,725;March 24th 2006;17 28 33 35 47 4 9 
26,351,576;March 17th 2006;5 32 44 45 50 1 7 
18,470,476;March 10th 2006;1 21 33 45 49 4 8 
10,255,500;March 3rd 2006;3 5 8 10 44 3 5 
19,180,108;February 24th 2006;1 11 18 19 47 3 7 
10,296,000;February 17th 2006;4 23 24 26 38 2 4 
42,019,877;February 10th 2006;5 6 38 48 50 6 7 
105,412,292;February 3rd 2006;9 21 30 39 50 1 3 
87,820,908;January 27th 2006;9 15 21 40 49 1 4 
73,898,698;January 20th 2006;12 15 33 44 50 2 6 
61,801,800;January 13th 2006;8 12 19 33 34 1 6 
37,000,000;January 6th 2006;2 6 9 14 26 4 5 
11,092,500;December 28th 2007;20 21 22 31 45 7 9 
20,144,622;December 21st 2007;7 9 28 37 44 6 7 
10,795,500;December 14th 2007;8 25 30 36 44 3 4 
19,829,479;December 7th 2007;2 4 32 43 48 1 7 
10,713,000;November 30th 2007;12 19 20 30 38 7 9 
19,779,134;November 23rd 2007;2 10 22 29 48 3 9 
10,744,500;November 16th 2007;9 18 23 33 37 1 8 
10,567,500;November 9th 2007;5 14 22 25 36 5 6 
28,675,991;November 2nd 2007;3 16 18 19 40 1 2 
19,424,115;October 26th 2007;7 20 38 40 43 1 8 
10,515,000;October 19th 2007;7 18 34 35 40 7 8 
10,500,000;October 12th 2007;21 32 36 46 47 3 4 
10,425,000;October 5th 2007;11 20 27 35 44 2 5 
89,986,000;September 28th 2007;22 30 34 35 44 4 5 
19,075,668;September 21st 2007;1 17 32 35 37 1 8 
10,407,000;September 14th 2007;5 9 11 29 33 7 9 
10,222,500;September 7th 2007;2 3 33 34 42 3 5 
26,533,768;August 31st 2007;6 18 22 23 37 5 6 
18,180,933;August 24th 2007;1 3 16 42 48 2 3 
10,245,000;August 17th 2007;2 3 13 38 42 7 8 
35,425,412;August 10th 2007;23 40 42 43 49 2 6 
26,567,438;August 3rd 2007;10 30 33 37 41 1 8 
18,065,039;July 27th 2007;1 4 21 29 41 7 8 
10,129,500;July 20th 2007;10 21 25 26 50 4 9 
38,751,123;July 13th 2007;9 13 15 31 48 3 6 
27,130,830;July 6th 2007;4 5 19 39 41 8 9 
18,141,468;June 29th 2007;8 12 28 33 45 1 3 
10,143,000;June 22nd 2007;11 16 17 22 34 5 6 
18,315,755;June 15th 2007;5 7 14 21 40 3 8 
10,227,000;June 8th 2007;1 15 17 25 45 2 8 
10,213,500;June 1st 2007;6 22 37 41 42 6 9 
10,198,500;May 25th 2007;25 26 29 49 50 7 8 
10,300,500;May 18th 2007;26 34 37 39 49 2 6 
36,553,818;May 11th 2007;7 12 26 29 49 2 6 
27,129,600;May 4th 2007;6 17 35 41 45 1 5 
18,412,118;April 27th 2007;7 18 27 36 44 1 2 
10,222,500;April 20th 2007;23 26 32 41 45 3 7 
10,255,500;April 13th 2007;7 20 25 38 41 3 7 
18,409,444;April 6th 2007;15 23 29 41 48 3 6 
10,222,500;March 30th 2007;9 17 19 41 46 1 8 
27,883,920;March 23rd 2007;5 13 17 40 43 1 3 
19,068,212;March 16th 2007;4 14 31 45 49 4 9 
10,222,500;March 9th 2007;2 3 25 43 48 6 9 
28,815,322;March 2nd 2007;3 16 34 38 48 5 8 
19,003,239;February 23rd 2007;2 15 18 20 22 2 5 
10,147,500;February 16th 2007;8 19 20 39 50 6 9 
66,980,000;February 9th 2007;14 16 30 36 46 2 8 
17,980,945;February 2nd 2007;14 23 27 30 36 1 6 
9,925,500;January 26th 2007;11 15 23 30 38 4 9 
9,892,500;January 19th 2007;5 13 27 33 42 2 4 
9,931,500;January 12th 2007;8 11 14 19 25 3 5 
53,017,330;January 5th 2007;17 19 29 36 45 5 6 
25,725,186;December 26th 2008;1 2 26 44 50 1 7 
14,019,000;December 19th 2008;28 29 40 46 50 5 7 
13,447,500;December 12th 2008;2 19 28 42 49 2 7 
12,993,000;December 5th 2008;4 8 21 35 45 5 8 
23,209,583;November 28th 2008;8 11 16 25 41 2 4 
12,733,500;November 21st 2008;9 14 21 49 50 3 8 
12,916,500;November 14th 2008;8 10 14 21 26 3 4 
12,232,500;November 7th 2008;1 9 12 17 18 3 4 
34,072,303;October 31st 2008;3 18 25 34 41 2 5 
22,430,836;October 24th 2008;7 15 16 17 45 6 9 
11,643,000;October 17th 2008;3 10 12 42 50 1 5 
22,911,461;October 10th 2008;4 15 22 31 41 1 6 
11,697,000;October 3rd 2008;4 13 19 23 38 2 3 
102,804,000;September 26th 2008;14 29 31 33 37 1 2 
11,848,500;September 19th 2008;14 16 19 20 31 6 9 
11,902,500;September 12th 2008;19 23 33 37 50 3 7 
96,494,237;September 5th 2008;7 12 16 17 39 3 8 
73,535,143;August 29th 2008;2 20 25 37 39 5 8 
56,497,830;August 22nd 2008;7 27 29 39 50 5 7 
42,652,554;August 15th 2008;11 17 18 26 31 5 6 
31,572,685;August 8th 2008;4 5 15 16 45 4 7 
21,278,542;August 1st 2008;1 22 25 40 50 1 8 
11,836,500;July 25th 2008;7 11 15 24 29 2 7 
11,904,000;July 18th 2008;10 14 16 29 44 5 6 
12,022,500;July 11th 2008;9 11 13 19 37 3 4 
11,887,500;July 4th 2008;7 19 22 27 48 5 7 
46,162,270;June 27th 2008;5 20 26 44 50 5 7 
34,282,210;June 20th 2008;8 11 36 37 45 3 5 
23,643,210;June 13th 2008;13 16 37 44 50 1 9 
12,021,000;June 6th 2008;7 19 21 40 50 2 9 
11,785,550;May 30th 2008;5 7 14 20 49 2 8 
11,959,500;May 23rd 2008;5 9 19 21 38 1 7 
44,376,310;May 16th 2008;6 9 15 25 38 4 9 
32,235,833;May 9th 2008;8 9 40 42 45 6 7 
21,330,632;May 2nd 2008;2 26 37 45 48 4 8 
11,808,000;April 25th 2008;4 19 26 27 30 3 8 
46,291,408;April 18th 2008;3 6 7 27 50 5 9 
34,029,801;April 11th 2008;6 25 30 45 50 5 7 
22,132,109;April 4th 2008;11 13 18 37 47 1 6 
11,893,500;March 28th 2008;5 9 17 29 39 3 6 
11,700,000;March 21st 2008;2 10 18 22 36 4 6 
21,956,568;March 14th 2008;13 21 25 35 48 4 8 
11,449,500;March 7th 2008;2 7 14 17 35 1 6 
11,482,500;February 29th 2008;12 37 40 47 49 2 9 
21,828,987;February 22nd 2008;4 27 32 46 50 8 9 
11,254,500;February 15th 2008;12 27 29 45 46 4 7 
96,525,000;February 8th 2008;17 28 30 38 44 1 4 
11,314,500;February 1st 2008;22 30 45 47 49 4 9 
56,838,131;January 25th 2008;2 6 9 19 45 7 8 
43,043,848;January 18th 2008;14 16 23 40 46 4 8 
30,830,593;January 11th 2008;8 24 36 49 50 4 8 
20,174,823;January 4th 2008;10 12 24 25 41 3 5 
13,590,000;December 25th 2009;4 5 14 17 34 3 5 
52,883,496;December 18th 2009;14 30 32 35 49 3 8 
39,585,642;December 11th 2009;20 41 43 44 46 2 9 
26,301,056;December 4th 2009;18 19 25 30 44 1 3 
13,660,500;November 27th 2009;5 8 13 15 33 8 9 
13,536,000;November 20th 2009;5 9 28 43 47 2 9 
14,839,480;November 13th 2009;13 15 25 26 32 3 4 
91,141,671;November 6th 2009;11 19 34 43 45 5 9 
71,278,155;October 30th 2009;9 33 35 38 40 2 6 
55,868,893;October 23rd 2009;6 18 20 29 31 2 8 
40,391,228;October 16th 2009;12 23 30 31 47 3 4 
27,066,647;October 9th 2009;7 11 29 46 50 4 7 
13,764,000;October 2nd 2009;22 23 24 29 44 1 5 
13,830,000;September 25th 2009;6 17 18 21 34 3 9 
90,740,000;September 18th 2009;6 16 30 38 41 2 4 
37,805,108;September 11th 2009;12 15 35 42 43 4 6 
24,942,782;September 4th 2009;6 9 20 38 39 3 9 
13,219,500;August 28th 2009;8 36 37 41 49 5 7 
65,462,542;August 21st 2009;4 7 16 31 42 3 5 
49,372,566;August 14th 2009;5 8 24 30 49 3 9 
35,727,239;August 7th 2009;10 20 22 24 31 2 7 
23,957,846;July 31st 2009;5 9 20 21 26 3 6 
13,008,000;July 24th 2009;14 15 25 35 47 5 9 
49,802,092;July 17th 2009;2 8 17 32 50 3 7 
36,399,342;July 10th 2009;6 16 20 42 46 1 6 
24,056,336;July 3rd 2009;21 29 34 46 47 6 8 
12,787,500;June 26th 2009;6 11 21 30 39 2 8 
12,853,500;June 19th 2009;4 16 17 20 29 5 7 
49,902,539;June 12th 2009;6 14 16 34 50 4 6 
37,574,774;June 5th 2009;11 19 26 35 40 2 5 
24,953,014;May 29th 2009;2 5 30 37 47 3 6 
13,254,000;May 22nd 2009;4 13 14 33 43 1 6 
13,402,500;May 15th 2009;8 18 19 20 42 5 9 
113,229,891;May 8th 2009;4 23 24 29 31 8 9 
88,364,737;May 1st 2009;5 19 31 38 47 3 5 
51,694,404;April 24th 2009;4 14 21 24 41 5 8 
51,694,404;April 17th 2009;4 7 21 44 47 1 5 
38,126,495;April 10th 2009;9 14 16 37 46 2 4 
25,879,558;April 3rd 2009;2 20 24 32 46 1 9 
14,082,000;March 27th 2009;25 33 36 38 42 6 7 
28,047,380;March 20th 2009;12 16 23 31 35 4 6 
14,858,473;March 13th 2009;12 24 26 36 42 1 4 
90,120,000;March 6th 2009;13 17 19 25 35 5 6 
38,191,683;February 27th 2009;5 9 37 44 45 6 9 
25,094,625;February 20th 2009;9 12 13 14 48 1 2 
13,461,000;February 13th 2009;22 33 36 40 42 1 2 
13,126,500;February 6th 2009;10 20 30 36 40 3 5 
25,509,888;January 30th 2009;4 29 34 35 46 5 8 
14,193,000;January 23rd 2009;32 33 36 40 49 2 8 
13,554,000;January 16th 2009;3 17 22 49 50 3 6 
50,993,587;January 9th 2009;7 15 22 28 48 1 4 
38,731,512;January 2nd 2009;29 30 36 37 48 1 6 
13,178,614;December 31st 2010;2 24 34 38 43 1 7 
16,301,884;December 24th 2010;19 36 38 42 46 2 8 
37,234,742;December 17th 2010;3 20 29 35 42 3 8 
24,100,215;December 10th 2010;2 3 10 33 46 7 8 
12,748,500;December 3rd 2010;8 19 28 32 46 4 7 
38,556,253;November 26th 2010;9 28 36 41 49 5 7 
25,874,272;November 19th 2010;12 15 32 36 45 7 9 
13,716,650;November 12th 2010;7 19 23 29 47 1 6 
25,300,621;November 5th 2010;21 23 33 40 50 4 5 
13,024,500;October 29th 2010;16 20 22 32 42 8 9 
26,231,924;October 22nd 2010;4 5 9 11 39 3 5 
13,152,000;October 15th 2010;2 31 36 38 43 3 7 
113,019,926;October 8th 2010;9 30 35 39 46 6 8 
87,100,000;October 1st 2010;1 4 6 27 48 1 6 
24,470,942;September 24th 2010;1 4 16 40 48 1 9 
12,558,000;September 17th 2010;17 27 29 38 50 1 3 
12,454,500;September 10th 2010;17 21 35 41 45 1 5 
12,543,000;September 3rd 2010;13 24 26 47 49 4 8 
12,346,500;August 27th 2010;1 6 13 30 49 1 9 
12,202,500;August 20th 2010;5 27 31 40 42 1 6 
12,280,500;August 13th 2010;4 9 15 21 47 2 7 
12,502,500;August 6th 2010;13 25 28 29 42 4 5 
23,414,853;July 30th 2010;3 4 11 28 39 2 8 
12,592,500;July 23rd 2010;4 13 35 37 46 3 9 
35,767,540;July 16th 2010;38 39 45 46 49 7 8 
23,591,586;July 9th 2010;9 24 37 39 49 3 9 
12,424,500;July 2nd 2010;12 13 36 41 46 1 8 
23,090,988;June 25th 2010;1 8 18 28 31 8 9 
12,540,000;June 18th 2010;2 29 31 32 38 1 4 
12,408,000;June 11th 2010;2 22 24 36 44 1 2 
12,442,500;June 4th 2010;4 17 34 40 42 4 9 
12,693,000;May 28th 2010;4 9 31 32 33 3 7 
13,072,500;May 21st 2010;7 19 30 38 50 4 7 
84,451,321;May 14th 2010;1 17 31 43 47 2 3 
67,967,555;May 7th 2010;3 6 15 21 32 7 9 
52,603,784;April 30th 2010;6 22 24 25 36 3 8 
38,064,784;April 23rd 2010;3 7 8 43 46 6 8 
25,378,348;April 16th 2010;9 11 17 26 40 3 9 
13,177,500;April 9th 2010;7 21 23 24 44 3 4 
13,339,500;April 2nd 2010;12 18 24 26 45 4 5 
39,754,555;March 26th 2010;8 16 18 37 43 2 6 
26,412,247;March 19th 2010;10 28 30 38 39 2 7 
13,633,500;March 12th 2010;1 26 33 36 46 6 7 
41,706,216;March 5th 2010;12 18 19 43 49 3 9 
26,963,008;February 26th 2010;7 11 18 29 42 6 7 
13,222,500;February 19th 2010;12 31 37 38 43 2 3 
112,016,226;February 12th 2010;1 5 18 38 45 4 6 
87,570,000;February 5th 2010;34 35 38 39 46 3 4 
25,403,095;January 29th 2010;9 17 30 39 43 5 7 
13,197,000;January 22nd 2010;4 22 27 36 44 7 9 
52,302,248;January 15th 2010;11 26 29 49 50 4 7 
38,666,984;January 8th 2010;4 5 14 44 46 8 9 
25,315,385;January 1st 2010;9 22 24 27 36 5 7 
43,303,615;December 30th 2011;16 36 43 44 50 7 8 
31,879,970;December 27th 2011;19 21 25 26 44 3 7 
25,852,188;December 23rd 2011;7 21 22 24 28 1 11 
12,549,000;December 20th 2011;1 9 12 14 48 1 7 
39,175,449;December 16th 2011;2 5 10 23 31 2 5 
28,908,882;December 13th 2011;7 12 18 33 37 1 11 
22,918,879;December 9th 2011;12 21 29 44 47 1 2 
12,904,500;December 6th 2011;19 20 21 34 38 3 9 
23,341,756;December 2nd 2011;7 27 30 40 43 8 9 
12,825,000;November 29th 2011;11 25 41 45 50 2 7 
30,126,040;November 25th 2011;14 19 26 28 34 5 8 
18,941,023;November 22nd 2011;16 18 24 38 40 2 4 
12,850,500;November 18th 2011;4 12 24 39 44 2 4 
12,817,500;November 15th 2011;6 17 22 45 47 3 11 
58,162,735;November 11th 2011;1 4 18 23 30 3 7 
46,793,457;November 8th 2011;1 4 15 29 40 1 5 
39,862,087;November 4th 2011;11 14 41 43 50 2 9 
28,991,611;November 1st 2011;14 20 23 45 46 1 11 
23,734,845;October 28th 2011;16 17 20 39 50 4 8 
13,059,000;October 25th 2011;12 22 27 28 39 4 10 
41,682,028;October 21st 2011;2 19 33 37 46 5 8 
30,927,684;October 18th 2011;18 23 37 46 48 2 10 
24,130,874;October 14th 2011;12 23 29 32 47 3 5 
13,152,000;October 11th 2011;1 4 12 16 48 9 10 
101,203,601;October 7th 2011;18 26 34 38 42 5 8 
86,290,000;October 4th 2011;14 16 23 38 45 8 11 
41,738,266;September 30th 2011;5 15 28 31 44 1 6 
30,913,743;September 27th 2011;18 27 28 35 40 3 5 
23,961,854;September 23rd 2011;6 14 33 34 48 2 6 
13,039,500;September 20th 2011;9 19 25 36 38 7 11 
13,108,500;September 16th 2011;2 8 17 39 42 3 10 
140,822,522;September 13th 2011;9 28 30 32 49 9 10 
126,867,263;September 9th 2011;5 21 28 31 34 1 2 
111,920,466;September 6th 2011;35 42 47 48 50 8 9 
101,404,135;September 2nd 2011;12 26 37 38 44 4 7 
87,376,837;August 30th 2011;2 8 10 19 46 5 9 
78,976,312;August 26th 2011;12 22 25 33 45 5 7 
65,488,523;August 23rd 2011;4 6 14 42 50 2 4 
58,085,462;August 19th 2011;6 14 16 28 31 2 11 
47,058,914;August 16th 2011;1 13 17 18 45 3 8 
40,675,287;August 12th 2011;7 10 20 27 37 4 7 
30,055,771;August 9th 2011;7 23 24 34 36 8 11 
23,440,309;August 5th 2011;13 14 18 32 34 1 10 
13,080,000;August 2nd 2011;5 8 14 24 33 3 8 
23,933,989;July 29th 2011;12 19 27 37 38 5 10 
13,272,000;July 26th 2011;1 5 22 25 48 3 11 
13,225,500;July 22nd 2011;4 15 23 49 50 2 6 
20,319,793;July 19th 2011;3 16 25 26 35 5 9 
13,173,000;July 15th 2011;6 26 33 34 39 3 4 
161,653,000;July 12th 2011;17 19 38 42 45 9 10 
164,761,000;July 8th 2011;12 13 23 40 49 7 10 
159,008,879;July 5th 2011;11 28 29 47 49 1 5 
141,820,902;July 1st 2011;8 11 23 31 46 8 9 
120,687,895;June 28th 2011;15 16 30 44 50 2 3 
107,428,374;June 24th 2011;5 16 20 30 41 6 11 
91,693,456;June 21st 2011;17 20 35 49 50 3 4 
82,001,875;June 17th 2011;11 16 21 22 44 3 8 
68,132,630;June 14th 2011;5 12 19 41 48 8 10 
60,872,491;June 10th 2011;3 19 20 37 48 8 11 
48,962,688;June 7th 2011;6 25 36 38 40 4 10 
41,359,053;June 3rd 2011;4 39 40 49 50 2 5 
29,730,067;May 31st 2011;1 9 10 22 50 5 11 
23,752,200;May 27th 2011;9 17 25 28 49 8 9 
13,102,500;May 24th 2011;16 23 24 26 29 2 9 
24,115,451;May 20th 2011;10 14 20 25 42 8 11 
13,143,000;May 17th 2011;20 21 37 45 46 2 3 
105,892,179;May 13th 2011;9 11 17 36 47 1 2 
88,200,000;May 10th 2011;3 10 15 28 45 5 7 
25,227,296;May 6th 2011;11 16 20 22 28 4 9 
13,335,000;April 29th 2011;15 25 38 40 41 1 2 
38,301,216;April 22nd 2011;11 22 36 45 48 1 4 
25,974,202;April 15th 2011;4 6 21 39 41 2 6 
13,275,000;April 8th 2011;21 23 38 47 50 2 6 
13,269,000;April 1st 2011;4 17 21 22 33 4 8 
121,722,017;March 25th 2011;6 12 21 27 33 3 7 
94,101,577;March 18th 2011;1 13 20 26 50 6 7 
71,628,834;March 11th 2011;17 19 24 37 46 2 7 
53,278,317;March 4th 2011;11 25 27 28 41 5 8 
37,687,076;February 25th 2011;12 13 42 45 48 3 9 
24,146,665;February 18th 2011;2 3 15 45 49 5 9 
12,714,000;February 11th 2011;12 14 15 19 23 7 8 
24,368,199;February 4th 2011;2 11 24 35 47 5 9 
12,940,500;January 28th 2011;13 23 24 41 42 1 5 
24,708,723;January 21st 2011;3 11 13 18 21 4 5 
12,657,000;January 14th 2011;2 14 24 39 44 6 7 
12,487,500;January 7th 2011;1 22 32 48 50 6 7 
21,875,652;December 28th 2012;17 24 26 27 49 3 5 
12,322,500;December 25th 2012;14 18 20 23 32 3 10 
83,087,699;December 21st 2012;3 5 22 40 42 3 10 
70,070,413;December 18th 2012;14 18 20 35 44 2 5 
62,293,153;December 14th 2012;10 11 29 40 43 3 11 
51,106,703;December 11th 2012;1 4 9 43 50 6 8 
44,054,164;December 7th 2012;10 16 18 31 42 2 5 
34,505,412;December 4th 2012;5 10 28 29 44 2 4 
27,864,810;November 30th 2012;10 18 23 24 40 3 4 
18,165,905;November 27th 2012;6 10 23 44 49 1 7 
12,147,000;November 23rd 2012;1 9 11 20 40 1 5 
18,330,737;November 20th 2012;28 30 42 45 49 5 10 
12,039,000;November 16th 2012;10 15 19 23 41 2 9 
136,124,363;November 13th 2012;11 16 21 24 29 2 6 
122,416,477;November 9th 2012;14 21 22 28 47 4 5 
106,443,387;November 6th 2012;7 20 25 35 41 1 9 
95,574,746;November 2nd 2012;3 6 10 11 44 3 4 
82,777,654;October 30th 2012;23 24 25 31 44 2 3 
73,585,548;October 26th 2012;5 6 9 27 38 5 11 
62,668,378;October 23rd 2012;1 28 35 38 50 2 10 
55,297,557;October 19th 2012;16 29 37 40 44 8 10 
44,407,071;October 16th 2012;10 32 40 41 49 2 8 
37,648,529;October 12th 2012;6 7 17 35 43 2 8 
27,768,213;October 9th 2012;2 8 10 23 25 8 9 
21,701,658;October 5th 2012;9 16 18 19 21 2 3 
12,015,000;October 2nd 2012;4 16 21 36 42 7 8 
79,750,000;September 28th 2012;20 23 26 30 33 6 9 
27,120,727;September 25th 2012;7 25 27 48 49 1 4 
21,218,945;September 21st 2012;4 19 34 41 43 7 11 
12,058,500;September 18th 2012;6 7 38 39 44 7 9 
21,511,885;September 14th 2012;3 10 23 27 44 7 9 
12,016,500;September 11th 2012;6 15 22 37 44 2 4 
37,827,315;September 7th 2012;13 15 30 35 42 4 6 
27,605,924;September 4th 2012;11 17 18 39 44 5 10 
21,380,703;August 31st 2012;16 28 31 33 48 7 11 
11,914,500;August 28th 2012;1 18 25 26 44 4 5 
37,709,047;August 24th 2012;5 6 12 19 37 3 7 
27,638,401;August 21st 2012;4 5 17 38 48 3 4 
21,173,767;August 17th 2012;19 25 28 33 44 2 8 
11,805,000;August 14th 2012;1 16 38 42 45 9 10 
148,656,000;August 10th 2012;11 17 21 48 50 9 10 
151,012,000;August 7th 2012;20 27 34 46 50 2 3 
142,677,285;August 3rd 2012;24 34 35 42 46 1 5 
123,419,567;July 31st 2012;4 29 35 36 39 8 9 
110,973,507;July 27th 2012;14 15 21 23 48 2 10 
87,418,315;July 24th 2012;4 16 18 25 44 1 11 
79,035,843;July 20th 2012;10 19 23 45 49 9 10 
67,543,388;July 17th 2012;2 7 24 43 46 8 10 
60,323,858;July 13th 2012;8 18 25 35 46 4 9 
48,445,181;July 10th 2012;1 3 16 24 37 1 8 
42,076,911;July 6th 2012;31 32 38 40 42 1 3 
32,812,559;July 3rd 2012;2 7 22 27 40 3 6 
26,900,432;June 29th 2012;14 17 28 29 39 1 11 
17,516,871;June 26th 2012;1 11 20 22 35 8 10 
12,117,000;June 22nd 2012;14 18 19 43 49 3 7 
12,109,500;June 19th 2012;7 17 20 35 50 5 11 
21,629,100;June 15th 2012;10 22 27 38 48 3 7 
12,043,500;June 12th 2012;8 15 26 30 48 9 10 
127,675,087;June 8th 2012;5 11 22 34 40 9 11 
109,315,762;June 5th 2012;13 34 37 47 49 8 9 
97,123,444;June 1st 2012;2 4 14 26 36 9 10 
80,806,756;May 29th 2012;8 15 17 25 28 3 11 
71,823,678;May 25th 2012;12 22 35 46 49 2 8 
60,290,704;May 22nd 2012;16 31 32 37 41 1 7 
53,068,969;May 18th 2012;13 29 43 47 50 9 11 
41,232,245;May 15th 2012;2 11 13 26 50 2 5 
35,495,169;May 11th 2012;1 13 17 38 44 2 11 
26,250,991;May 8th 2012;3 21 34 38 48 5 8 
21,084,008;May 4th 2012;3 26 39 40 41 1 2 
12,258,000;May 1st 2012;4 5 15 19 41 9 11 
36,231,900;April 27th 2012;20 27 30 36 43 1 6 
26,895,374;April 24th 2012;8 9 24 43 48 3 5 
21,345,735;April 20th 2012;3 6 29 32 41 10 11 
12,369,000;April 17th 2012;10 28 33 48 49 1 10 
44,408,417;April 13th 2012;8 13 26 39 43 3 5 
32,603,075;April 10th 2012;22 25 27 36 37 5 9 
27,033,455;April 6th 2012;11 20 30 35 45 2 3 
18,087,550;April 3rd 2012;1 8 18 25 30 9 10 
12,522,000;March 30th 2012;4 17 23 36 46 6 10 
12,555,000;March 27th 2012;24 27 29 34 36 7 8 
21,827,112;March 23rd 2012;9 15 23 31 50 8 11 
12,508,500;March 20th 2012;15 16 28 30 46 3 4 
38,034,640;March 16th 2012;3 4 12 23 50 4 7 
28,201,173;March 13th 2012;1 10 25 43 47 8 9 
22,200,501;March 9th 2012;3 32 36 39 47 6 9 
12,000,000;March 6th 2012;23 24 27 37 47 2 6 
22,198,233;March 2nd 2012;5 6 11 30 44 2 6 
12,720,000;February 28th 2012;1 10 17 33 48 2 3 
46,432,285;February 24th 2012;3 7 12 26 34 8 10 
35,110,192;February 21st 2012;11 14 24 25 29 7 11 
28,527,269;February 17th 2012;4 11 28 38 47 10 11 
18,731,949;February 14th 2012;14 27 36 42 46 8 11 
12,565,500;February 10th 2012;3 8 14 31 41 7 11 
45,160,172;February 7th 2012;3 15 17 28 33 2 4 
38,388,399;February 3rd 2012;16 19 20 25 28 1 10 
28,074,424;January 31st 2012;9 34 38 43 45 2 4 
22,380,458;January 27th 2012;10 13 19 39 44 2 6 
12,000,000;January 24th 2012;1 2 6 20 36 8 11 
40,627,241;January 20th 2012;2 10 22 27 28 6 8 
30,343,120;January 17th 2012;12 22 30 31 44 5 6 
24,189,679;January 13th 2012;13 14 21 27 39 6 8 
12,394,500;January 10th 2012;4 9 10 30 40 2 9 
60,355,246;January 6th 2012;1 6 10 12 31 2 7 
50,010,872;January 3rd 2012;3 30 42 45 49 5 10 
83,850,382;December 31st 2013;13 20 24 29 45 3 7 
72,089,654;December 27th 2013;1 6 13 22 28 5 10 
62,469,261;December 24th 2013;5 19 31 43 50 2 6 
53,875,274;December 20th 2013;12 13 17 22 43 3 10 
44,362,413;December 17th 2013;6 8 27 37 41 7 10 
37,664,283;December 13th 2013;1 22 23 24 31 6 11 
26,551,498;December 10th 2013;6 24 35 49 50 1 7 
20,874,773;December 6th 2013;1 2 18 31 36 7 10 
12,445,500;December 3rd 2013;6 13 15 29 32 2 9 
12,429,000;November 29th 2013;2 7 10 23 43 4 7 
26,863,588;November 26th 2013;19 23 27 42 44 3 5 
21,186,645;November 22nd 2013;13 25 26 40 50 8 9 
12,606,000;November 19th 2013;14 15 19 36 45 1 10 
83,830,000;November 15th 2013;3 13 15 29 42 1 4 
12,682,500;November 12th 2013;14 29 37 40 48 2 11 
12,510,000;November 8th 2013;20 28 35 42 43 8 10 
18,107,224;November 5th 2013;6 12 13 35 38 2 3 
12,709,500;November 1st 2013;7 19 29 30 33 3 8 
12,856,500;October 29th 2013;9 10 30 32 37 2 6 
27,080,608;October 25th 2013;2 3 10 31 38 6 10 
18,308,847;October 22nd 2013;29 33 39 41 44 9 11 
12,711,000;October 18th 2013;5 25 36 46 47 2 6 
43,086,063;October 15th 2013;18 27 39 43 47 4 7 
36,840,020;October 11th 2013;6 12 17 23 43 5 9 
27,440,665;October 8th 2013;23 24 26 33 42 3 5 
21,498,731;October 4th 2013;6 20 24 35 50 5 10 
12,544,500;October 1st 2013;19 23 25 44 48 8 9 
55,193,986;September 27th 2013;11 15 38 41 43 2 6 
45,405,876;September 24th 2013;10 20 26 28 43 9 11 
38,960,567;September 20th 2013;5 11 35 38 45 2 3 
29,412,765;September 17th 2013;13 17 21 42 44 9 11 
23,253,808;September 13th 2013;4 6 14 27 33 5 10 
12,666,000;September 10th 2013;7 11 14 28 30 2 10 
21,603,767;September 6th 2013;11 23 25 32 37 4 7 
12,709,500;September 3rd 2013;5 9 16 18 42 7 9 
21,885,637;August 30th 2013;2 17 25 36 45 5 9 
12,931,500;August 27th 2013;7 30 38 40 43 2 6 
80,738,985;August 23rd 2013;1 6 26 30 37 5 8 
68,593,880;August 20th 2013;5 11 42 49 50 8 11 
60,621,367;August 16th 2013;20 24 27 37 39 5 10 
51,018,937;August 13th 2013;5 17 20 47 50 1 4 
44,134,518;August 9th 2013;4 7 9 23 24 8 9 
34,673,271;August 6th 2013;16 17 31 47 49 3 11 
28,309,281;August 2nd 2013;21 36 37 42 48 4 7 
19,184,610;July 30th 2013;3 4 11 14 43 1 6 
13,081,162;July 26th 2013;12 23 29 38 49 3 4 
12,907,500;July 23rd 2013;14 15 16 19 44 4 5 
12,925,500;July 19th 2013;13 16 24 26 35 2 5 
19,201,363;July 16th 2013;19 23 34 47 50 4 6 
12,987,000;July 12th 2013;18 26 32 33 42 2 3 
28,847,237;July 9th 2013;16 18 31 38 49 4 10 
22,417,687;July 5th 2013;4 12 15 28 33 1 10 
12,844,500;July 2nd 2013;11 13 14 28 30 4 5 
12,843,000;June 28th 2013;1 15 28 35 47 1 7 
159,559,034;June 25th 2013;4 5 13 27 35 1 2 
143,627,629;June 21st 2013;10 11 30 36 45 1 2 
125,775,679;June 18th 2013;17 24 33 41 44 1 11 
111,780,731;June 14th 2013;10 25 41 47 48 6 10 
96,181,290;June 11th 2013;5 7 9 25 41 1 5 
85,130,000;June 7th 2013;7 14 26 45 50 2 7 
19,080,295;June 4th 2013;31 33 34 37 40 1 6 
12,841,500;May 31st 2013;27 28 29 34 43 5 10 
81,381,673;May 28th 2013;8 13 26 34 38 3 11 
73,074,352;May 24th 2013;7 17 22 27 40 2 3 
61,122,965;May 21st 2013;7 8 19 28 29 5 9 
53,520,165;May 17th 2013;6 20 24 25 50 9 10 
43,382,876;May 14th 2013;7 8 24 27 36 5 11 
36,503,084;May 10th 2013;1 32 35 45 48 4 11 
27,337,587;May 7th 2013;13 27 28 42 43 4 6 
21,355,336;May 3rd 2013;3 5 34 40 49 2 3 
12,727,500;April 30th 2013;13 36 40 43 50 5 9 
27,335,676;April 26th 2013;11 16 24 38 40 2 5 
18,557,707;April 23rd 2013;1 4 7 10 50 4 11 
12,874,500;April 19th 2013;1 8 42 46 48 4 7 
12,879,000;April 16th 2013;1 11 22 33 50 4 6 
22,422,511;April 12th 2013;5 10 15 28 45 3 9 
12,825,000;April 9th 2013;15 35 38 44 48 5 10 
22,536,828;April 5th 2013;1 11 17 32 39 2 7 
12,741,000;April 2nd 2013;12 17 25 29 41 1 4 
112,017,541;March 29th 2013;13 30 43 44 46 5 9 
96,302,211;March 26th 2013;4 26 30 42 44 6 11 
85,330,000;March 22nd 2013;12 27 32 34 49 8 9 
18,770,152;March 19th 2013;19 32 35 37 44 1 9 
12,997,500;March 15th 2013;4 14 21 24 39 3 10 
13,135,500;March 12th 2013;2 4 10 22 50 5 8 
45,058,160;March 8th 2013;3 20 23 28 42 8 11 
34,631,815;March 5th 2013;8 19 31 33 39 2 7 
28,372,232;March 1st 2013;1 11 29 36 42 4 5 
18,874,481;February 26th 2013;3 12 13 17 30 2 6 
12,981,000;February 22nd 2013;15 16 28 36 37 2 11 
52,357,563;February 19th 2013;12 15 28 30 44 8 9 
44,855,571;February 15th 2013;2 4 22 28 42 4 9 
34,628,142;February 12th 2013;5 11 16 25 28 7 9 
27,886,637;February 8th 2013;9 11 14 34 44 10 11 
19,070,109;February 5th 2013;6 25 31 40 45 6 7 
13,063,500;February 1st 2013;5 21 34 37 38 1 6 
12,862,500;January 29th 2013;9 16 26 36 39 2 6 
37,772,357;January 25th 2013;3 10 18 31 37 2 4 
27,777,897;January 22nd 2013;1 10 44 45 48 1 4 
21,672,986;January 18th 2013;4 26 27 30 39 3 10 
12,441,000;January 15th 2013;22 38 40 42 47 1 11 
28,307,149;January 11th 2013;4 22 29 37 41 4 7 
18,341,712;January 8th 2013;2 20 22 26 47 5 9 
12,216,000;January 4th 2013;4 10 22 27 41 8 10 
30,730,347;January 1st 2013;2 7 8 36 49 1 11 
11,727,000;December 30th 2014;6 18 39 44 50 8 11 
19,781,351;December 26th 2014;17 26 27 45 49 2 3 
11,787,000;December 23rd 2014;8 9 19 25 49 2 10 
11,737,500;December 19th 2014;23 29 31 39 44 5 8 
31,462,687;December 16th 2014;3 7 12 13 25 5 8 
25,517,469;December 12th 2014;2 15 28 31 37 4 6 
17,246,777;December 9th 2014;1 3 31 42 46 4 11 
11,851,500;December 5th 2014;5 8 37 47 48 2 3 
57,837,341;December 2nd 2014;3 15 25 44 49 1 9 
51,217,623;November 28th 2014;6 10 15 23 41 4 10 
40,715,869;November 25th 2014;3 7 25 32 36 1 6 
34,100,271;November 21st 2014;4 7 28 32 37 5 10 
26,007,143;November 18th 2014;2 3 17 36 38 4 11 
20,235,047;November 14th 2014;17 32 36 38 48 5 8 
11,766,000;November 11th 2014;2 14 21 36 46 7 11 
25,871,873;November 7th 2014;13 25 32 38 46 1 10 
17,438,916;November 4th 2014;1 6 13 17 26 3 5 
11,763,000;October 31st 2014;10 13 20 33 41 3 9 
11,848,500;October 28th 2014;10 15 17 40 45 1 2 
149,758,000;October 24th 2014;3 9 20 30 42 1 6 
143,641,614;October 21st 2014;20 21 27 33 40 3 10 
130,128,674;October 17th 2014;1 13 40 48 49 8 10 
114,362,313;October 14th 2014;4 5 15 23 32 3 7 
101,812,996;October 10th 2014;6 29 42 45 47 9 10 
88,304,909;October 7th 2014;9 21 28 30 38 1 8 
78,370,000;October 3rd 2014;4 13 23 48 50 5 10 
25,668,301;September 30th 2014;3 13 15 33 42 5 7 
20,137,574;September 26th 2014;13 27 35 46 47 1 2 
11,770,500;September 23rd 2014;12 13 14 29 35 1 7 
68,362,889;September 19th 2014;6 8 34 38 48 3 9 
59,479,470;September 16th 2014;4 29 30 35 50 2 4 
52,772,468;September 12th 2014;9 13 26 31 33 7 11 
44,245,873;September 9th 2014;8 15 19 24 35 8 10 
37,783,420;September 5th 2014;1 18 23 46 50 3 9 
29,994,082;September 2nd 2014;5 25 31 39 45 1 8 
24,464,842;August 29th 2014;2 9 26 32 38 3 6 
16,991,311;August 26th 2014;10 22 36 45 48 4 11 
12,000,000;August 22nd 2014;4 17 29 35 49 1 2 
43,584,628;August 19th 2014;4 7 11 34 47 7 8 
37,718,167;August 15th 2014;4 5 21 23 30 8 10 
30,079,457;August 12th 2014;7 16 19 22 33 2 5 
24,759,542;August 8th 2014;21 29 35 43 46 1 9 
17,029,645;August 5th 2014;5 7 19 21 42 5 11 
11,977,500;August 1st 2014;24 44 46 48 50 5 10 
29,815,964;July 29th 2014;10 23 35 40 43 3 9 
24,470,875;July 25th 2014;9 10 12 24 43 5 9 
16,916,606;July 22nd 2014;1 24 43 45 50 5 8 
11,878,500;July 18th 2014;1 11 29 41 43 3 11 
53,758,144;July 15th 2014;15 18 20 27 34 1 3 
47,789,038;July 11th 2014;5 22 35 38 49 4 7 
39,193,498;July 8th 2014;8 18 22 24 27 4 11 
33,347,512;July 4th 2014;4 18 39 43 47 2 6 
25,344,616;July 1st 2014;18 22 25 27 39 5 10 
19,914,711;June 27th 2014;31 33 34 39 45 2 10 
12,021,000;June 24th 2014;1 7 20 21 48 4 7 
19,964,918;June 20th 2014;5 15 25 38 49 1 2 
11,983,500;June 17th 2014;11 13 37 40 48 8 9 
109,589,905;June 13th 2014;16 18 22 28 46 9 11 
95,933,457;June 10th 2014;12 18 21 32 33 1 11 
86,858,395;June 6th 2014;7 25 34 40 49 9 11 
72,437,363;June 3rd 2014;2 15 32 39 44 5 10 
64,246,871;May 30th 2014;5 24 27 41 45 6 7 
54,445,724;May 27th 2014;7 13 16 25 26 1 6 
48,094,706;May 23rd 2014;3 8 31 34 47 9 11 
39,669,453;May 20th 2014;5 33 36 38 47 4 9 
33,974,182;May 16th 2014;23 26 29 37 40 3 4 
25,746,571;May 13th 2014;4 13 30 34 47 2 6 
20,214,823;May 9th 2014;3 21 26 28 45 7 10 
12,321,000;May 6th 2014;5 19 24 31 37 1 9 
73,205,660;May 2nd 2014;4 30 31 38 42 2 11 
62,955,401;April 29th 2014;18 23 26 35 44 3 11 
56,005,506;April 25th 2014;13 21 24 44 49 1 9 
46,672,601;April 22nd 2014;13 15 20 24 46 1 8 
40,962,533;April 18th 2014;21 24 31 39 47 3 7 
32,625,427;April 15th 2014;3 14 26 47 50 7 11 
26,905,670;April 11th 2014;8 12 19 30 33 4 11 
17,853,605;April 8th 2014;11 18 29 42 49 4 11 
12,415,500;April 4th 2014;6 10 28 45 50 10 11 
12,457,500;April 1st 2014;16 18 26 38 44 8 10 
20,942,416;March 28th 2014;3 4 19 28 43 3 7 
12,549,000;March 25th 2014;7 20 26 28 50 2 8 
21,325,022;March 21st 2014;7 30 37 39 42 5 7 
12,603,000;March 18th 2014;8 27 34 36 39 5 10 
107,932,603;March 14th 2014;6 24 25 27 30 5 9 
93,707,468;March 11th 2014;1 4 23 33 44 7 8 
82,990,000;March 7th 2014;5 10 38 40 41 1 8 
12,375,000;March 4th 2014;3 5 22 27 44 1 6 
35,072,863;February 28th 2014;12 32 38 43 44 2 7 
26,289,565;February 25th 2014;21 25 28 35 42 4 6 
20,630,644;February 21st 2014;13 17 28 30 32 5 7 
12,378,000;February 18th 2014;23 26 36 37 49 6 7 
20,927,566;February 14th 2014;2 4 6 19 39 2 7 
12,445,500;February 11th 2014;8 17 25 41 47 1 2 
21,037,161;February 7th 2014;3 17 19 46 47 9 10 
12,433,500;February 4th 2014;1 21 33 37 38 4 8 
59,249,234;January 31st 2014;8 10 15 16 31 8 9 
49,446,896;January 28th 2014;18 20 23 42 48 2 9 
43,002,299;January 24th 2014;5 19 34 35 41 1 5 
33,466,125;January 21st 2014;4 12 35 42 48 5 8 
27,266,155;January 17th 2014;19 26 32 33 42 4 10 
18,577,883;January 14th 2014;18 20 25 26 37 10 11 
12,453,000;January 10th 2014;1 2 11 27 29 1 10 
108,247,799;January 7th 2014;2 20 27 33 45 6 10 
96,289,141;January 3rd 2014;3 27 31 38 44 3 8 
22,450,618;September 18th 2015;7 29 33 34 39 7 8 
15,723,801;September 15th 2015;8 15 17 44 49 5 8 
11,032,500;September 11th 2015;10 18 19 29 50 1 9 
22,464,583;September 8th 2015;14 16 39 40 42 1 4 
17,883,898;September 4th 2015;8 9 27 45 50 8 10 
11,077,500;September 1st 2015;6 19 21 27 45 1 8 
10,908,000;August 28th 2015;11 29 30 31 34 4 7 
22,297,655;August 25th 2015;27 31 33 42 50 2 5 
17,370,968;August 21st 2015;4 16 18 43 47 6 10 
10,582,500;August 18th 2015;7 10 11 12 19 2 9 
28,595,278;August 14th 2015;4 7 39 44 45 3 5 
21,748,476;August 11th 2015;2 3 8 15 16 4 11 
17,058,370;August 7th 2015;1 5 21 39 44 4 11 
10,500,000;August 4th 2015;10 15 39 45 50 9 10 
17,564,689;July 31st 2015;16 21 34 40 50 6 9 
10,639,500;July 28th 2015;23 32 36 43 49 7 8 
28,675,998;July 24th 2015;2 9 21 35 46 2 11 
21,651,101;July 21st 2015;14 20 27 29 44 7 10 
16,844,082;July 17th 2015;1 21 22 43 48 7 9 
10,572,000;July 14th 2015;6 18 19 34 36 1 8 
29,461,344;July 10th 2015;5 8 15 35 41 4 5 
22,161,317;July 7th 2015;6 7 18 33 41 3 10 
17,408,173;July 3rd 2015;11 12 15 18 44 3 9 
10,653,000;June 30th 2015;11 15 28 34 37 1 8 
17,954,602;June 26th 2015;3 6 10 19 24 5 7 
10,669,500;June 23rd 2015;4 16 22 38 49 6 9 
17,776,969;June 19th 2015;7 14 20 31 42 3 9 
10,785,000;June 16th 2015;10 15 16 36 37 3 9 
93,388,944;June 12th 2015;5 8 10 11 37 7 9 
82,265,988;June 9th 2015;5 9 17 32 34 6 8 
72,850,000;June 5th 2015;2 7 8 45 48 1 9 
15,874,102;June 2nd 2015;7 23 29 37 41 1 8 
10,791,000;May 29th 2015;3 4 20 45 48 6 8 
26,656,367;May 26th 2015;5 6 7 21 24 5 6 
22,169,936;May 22nd 2015;18 24 35 44 45 5 11 
15,476,457;May 19th 2015;26 30 31 35 37 8 11 
10,932,000;May 15th 2015;5 35 42 44 47 8 9 
34,276,743;May 12th 2015;14 29 30 40 46 3 6 
29,532,380;May 8th 2015;7 14 19 47 49 3 10 
22,723,433;May 5th 2015;1 10 17 20 42 8 9 
17,749,913;May 1st 2015;3 19 20 25 26 6 10 
10,741,500;April 28th 2015;24 26 28 36 45 7 10 
36,298,267;April 24th 2015;5 19 29 31 40 3 10 
28,100,414;April 21st 2015;6 14 17 42 45 1 8 
22,844,230;April 17th 2015;2 24 30 34 39 8 11 
15,639,792;April 14th 2015;24 32 34 35 49 1 2 
10,876,500;April 10th 2015;22 23 25 30 43 5 9 
15,679,890;April 7th 2015;18 25 39 44 50 5 8 
11,055,000;April 3rd 2015;27 29 37 39 49 2 4 
53,193,914;March 31st 2015;8 20 24 28 49 8 9 
47,673,633;March 27th 2015;2 30 32 39 44 6 10 
38,975,399;March 24th 2015;10 24 26 39 40 3 10 
32,843,195;March 20th 2015;3 14 37 42 48 1 10 
24,825,416;March 17th 2015;11 23 26 38 44 1 8 
19,376,761;March 13th 2015;4 5 18 22 23 1 3 
10,656,000;March 10th 2015;2 6 23 30 31 2 10 
72,180,000;March 6th 2015;23 30 47 49 50 2 7 
59,016,205;March 3rd 2015;6 8 11 13 21 7 8 
52,055,697;February 27th 2015;5 14 17 25 47 9 10 
43,197,448;February 24th 2015;3 25 28 34 50 1 11 
37,807,029;February 20th 2015;4 10 14 37 46 4 7 
30,050,324;February 17th 2015;2 5 18 30 43 1 10 
24,682,682;February 13th 2015;12 24 39 42 44 3 11 
16,073,137;February 10th 2015;13 17 20 30 45 9 10 
11,154,000;February 6th 2015;10 26 30 39 50 7 8 
11,370,000;February 3rd 2015;17 31 33 44 50 7 11 
11,244,000;January 30th 2015;9 13 15 19 24 3 8 
16,266,792;January 27th 2015;5 10 31 33 40 8 10 
11,247,000;January 23rd 2015;6 29 30 38 45 1 8 
24,827,488;January 20th 2015;15 33 41 44 47 8 10 
19,476,379;January 16th 2015;29 30 32 34 46 3 6 
11,659,500;January 13th 2015;8 17 21 31 34 9 10 
24,754,047;January 9th 2015;6 21 24 32 45 1 11 
16,954,080;January 6th 2015;14 20 30 38 49 3 4 
11,751,000;January 2nd 2015;22 24 25 28 49 3 6 
